Famille;Fournisseur;Zone;Pays;API;Tarif;Cle_gratuite_immediate;Sans_SIRET;Inscription;Catalogue;Docs_API;Note
"💄 Cosmétiques";"CJdropshipping";"Chine";"Chine / HK";"API REST";"Gratuit + coût produit";"OUI";"OUI";"https://cjdropshipping.com/";"https://cjdropshipping.com/list/wholesale-all-products-l-en.html";"https://developers.cjdropshipping.com/";"Le plus polyvalent. Clé API gratuite immédiate. Sourcing + private label."
"💄 Cosmétiques";"Eprolo";"Chine";"Chine (entrepôts US/EU)";"API";"Gratuit à vie";"OUI";"OUI";"https://eprolo.com/";"https://eprolo.com/products/";"https://eprolo.com/";"Gratuit total. Beauté, mode/lin, outdoor."
"💄 Cosmétiques";"Modalyst";"Hors-UE";"USA (agrégateur)";"API";"Plan gratuit + payant";"OUI";"OUI";"https://www.modalyst.co/";"https://www.modalyst.co/find-products/";"https://www.modalyst.co/";"Partenaire officiel AliExpress. Plan gratuit limité."
"💄 Cosmétiques";"Spocket";"UE";"UE/US (agrégateur)";"API + plugin";"39,99–299 $/mois (essai 14j)";"non";"OUI";"https://www.spocket.co/";"https://app.spocket.co/search";"https://www.spocket.co/";"Fournisseurs UE/US premium, expédition rapide."
"💄 Cosmétiques";"Syncee";"UE";"UE (agrégateur)";"API + sync";"0–99,99 $/mois";"non";"OUI";"https://syncee.com/";"https://marketplace.syncee.com/";"https://syncee.com/";"Marketplace UE/UK/US, plan gratuit pour parcourir."
"💄 Cosmétiques";"AppScenic";"UE";"UE/UK (agrégateur)";"API + escrow";"dès 29 $/mois (essai 7j)";"non";"OUI";"https://appscenic.com/";"https://appscenic.com/products/";"https://appscenic.com/";"Paiement sécurisé escrow. Catégorie outdoor incluse."
"💄 Cosmétiques";"AutoDS";"Hors-UE";"International (agrégateur)";"API";"Payant (selon nb produits)";"non";"OUI";"https://www.autods.com/";"https://platform.autods.com/";"https://www.autods.com/";"Automation complète multi-fournisseurs + IA."
"💄 Cosmétiques";"Blanka";"Hors-UE";"USA / Canada";"API + app Shopify";"Gratuit + payant + coût produit";"non";"OUI";"https://blankabrand.com/";"https://blankabrand.com/collections/all";"https://blankabrand.com/";"Private label beauté, ZÉRO MOQ, made USA, cruelty-free, 450+ SKU."
"💄 Cosmétiques";"DR.HC (YOURS)";"Hors-UE";"USA";"Programme private label / feed";"Gratuit + coût produit";"non";"OUI";"https://drhc-cosmetics.com/";"https://drhc-cosmetics.com/";"https://drhc-cosmetics.com/";"Bio/vegan, zéro MOQ, made USA."
"💄 Cosmétiques";"AliExpress";"Chine";"Chine";"API (programme dropship/affilié)";"Gratuit";"non";"OUI";"https://www.aliexpress.com/";"https://www.aliexpress.com/";"https://openservice.aliexpress.com/";"Sans MOQ, qualité variable. Plateaux ball-trap + petits lanceurs ici."
"💄 Cosmétiques";"Alibaba";"Chine";"Chine";"Open Platform API (sur approbation)";"Gratuit + MOQ";"non";"OUI";"https://www.alibaba.com/";"https://www.alibaba.com/";"https://openapi.alibaba.com/";"OEM/ODM, private label cosméto (ISO 22716), plateaux & lanceurs ball-trap, lin."
"💄 Cosmétiques";"DSers";"Chine";"Chine (AliExpress)";"API (AliExpress officielle)";"Gratuit";"OUI";"OUI";"https://www.dsers.com/";"https://www.aliexpress.com/";"https://www.dsers.com/";"Automation AliExpress officielle, gratuit. Tout AliExpress = catalogue."
"💄 Cosmétiques";"Sup Dropshipping";"Chine";"Chine";"API";"Gratuit";"OUI";"OUI";"https://www.supdropshipping.com/";"https://www.supdropshipping.com/product-list/";"https://www.supdropshipping.com/";"Sourcing + branding gratuit, entrepôts. Multi-niches."
"💄 Cosmétiques";"Wholesale2b";"Hors-UE";"USA";"API";"Inscription gratuite + payant";"non";"OUI";"https://www.wholesale2b.com/";"https://www.wholesale2b.com/dropship/dropship-optics-products.html";"https://www.wholesale2b.com/";"1M+ produits dropship US, dont optiques/outdoor. Compte gratuit pour parcourir."
"💄 Cosmétiques";"GreenDropShip";"Hors-UE";"USA";"Intégration Shopify/Woo + feed";"Abonnement annuel";"non";"OUI";"https://greendropship.com/";"https://greendropship.com/what-to-sell/beauty-body-care/";"https://greendropship.com/";"20 000+ produits naturels/bio/vegan, no MOQ, entrepôts US."
"🦌 Chasse";"CJdropshipping";"Chine";"Chine / HK";"API REST";"Gratuit + coût produit";"OUI";"OUI";"https://cjdropshipping.com/";"https://cjdropshipping.com/list/wholesale-all-products-l-en.html";"https://developers.cjdropshipping.com/";"Le plus polyvalent. Clé API gratuite immédiate. Sourcing + private label."
"🦌 Chasse";"Eprolo";"Chine";"Chine (entrepôts US/EU)";"API";"Gratuit à vie";"OUI";"OUI";"https://eprolo.com/";"https://eprolo.com/products/";"https://eprolo.com/";"Gratuit total. Beauté, mode/lin, outdoor."
"🦌 Chasse";"Modalyst";"Hors-UE";"USA (agrégateur)";"API";"Plan gratuit + payant";"OUI";"OUI";"https://www.modalyst.co/";"https://www.modalyst.co/find-products/";"https://www.modalyst.co/";"Partenaire officiel AliExpress. Plan gratuit limité."
"🦌 Chasse";"Syncee";"UE";"UE (agrégateur)";"API + sync";"0–99,99 $/mois";"non";"OUI";"https://syncee.com/";"https://marketplace.syncee.com/";"https://syncee.com/";"Marketplace UE/UK/US, plan gratuit pour parcourir."
"🦌 Chasse";"AppScenic";"UE";"UE/UK (agrégateur)";"API + escrow";"dès 29 $/mois (essai 7j)";"non";"OUI";"https://appscenic.com/";"https://appscenic.com/products/";"https://appscenic.com/";"Paiement sécurisé escrow. Catégorie outdoor incluse."
"🦌 Chasse";"AutoDS";"Hors-UE";"International (agrégateur)";"API";"Payant (selon nb produits)";"non";"OUI";"https://www.autods.com/";"https://platform.autods.com/";"https://www.autods.com/";"Automation complète multi-fournisseurs + IA."
"🦌 Chasse";"Doba";"Hors-UE";"USA (agrégateur)";"API";"Free + payant";"non";"OUI";"https://www.doba.com/";"https://www.doba.com/dropshipping/Hunting-gear_2.html";"https://www.doba.com/";"Sections chasse/tactique/tir dédiées (camo, jumelles, appeaux, accessoires)."
"🦌 Chasse";"Tactical Dropship";"Hors-UE";"USA";"Feed temps réel + sync";"Free + payant";"non";"OUI";"https://tacticaldropship.com/";"https://tacticaldropship.com/";"https://tacticaldropship.com/";"Spécialiste tactique/chasse/survie. Feed temps réel + sync stock. Accessoires (hors armes)."
"🦌 Chasse";"Banggood";"Chine";"Chine";"API dropship/affilié";"Gratuit";"non";"OUI";"https://www.banggood.com/";"https://www.banggood.com/Sports-and-Outdoor-c-2853.html";"https://www.banggood.com/dropship.html";"Outdoor, optiques, lampes tactiques. Prix bas."
"🦌 Chasse";"Vector Optics";"Chine";"Chine";"Programme dealer/dropship";"Compte revendeur (MOQ bas)";"non";"OUI";"https://www.vectoroptics.com/dealer_cooperate";"https://www.vectoroptics.com/";"https://www.vectoroptics.com/";"Optiques bon rapport qualité/prix. Compte revendeur (sans SIRET possible)."
"🦌 Chasse";"ohhunt";"Chine";"Chine";"Wholesale/dealer";"Gratuit (MOQ 1–30)";"non";"OUI";"https://www.ohhunt.com/pages/wholesale";"https://www.ohhunt.com/";"https://www.ohhunt.com/";"Lunettes, points rouges, rails. MOQ très bas."
"🦌 Chasse";"AliExpress";"Chine";"Chine";"API (programme dropship/affilié)";"Gratuit";"non";"OUI";"https://www.aliexpress.com/";"https://www.aliexpress.com/";"https://openservice.aliexpress.com/";"Sans MOQ, qualité variable. Plateaux ball-trap + petits lanceurs ici."
"🦌 Chasse";"Alibaba";"Chine";"Chine";"Open Platform API (sur approbation)";"Gratuit + MOQ";"non";"OUI";"https://www.alibaba.com/";"https://www.alibaba.com/";"https://openapi.alibaba.com/";"OEM/ODM, private label cosméto (ISO 22716), plateaux & lanceurs ball-trap, lin."
"🦌 Chasse";"DSers";"Chine";"Chine (AliExpress)";"API (AliExpress officielle)";"Gratuit";"OUI";"OUI";"https://www.dsers.com/";"https://www.aliexpress.com/";"https://www.dsers.com/";"Automation AliExpress officielle, gratuit. Tout AliExpress = catalogue."
"🦌 Chasse";"Sup Dropshipping";"Chine";"Chine";"API";"Gratuit";"OUI";"OUI";"https://www.supdropshipping.com/";"https://www.supdropshipping.com/product-list/";"https://www.supdropshipping.com/";"Sourcing + branding gratuit, entrepôts. Multi-niches."
"🦌 Chasse";"Wholesale2b";"Hors-UE";"USA";"API";"Inscription gratuite + payant";"non";"OUI";"https://www.wholesale2b.com/";"https://www.wholesale2b.com/dropship/dropship-optics-products.html";"https://www.wholesale2b.com/";"1M+ produits dropship US, dont optiques/outdoor. Compte gratuit pour parcourir."
"🎯 Ball-trap";"CJdropshipping";"Chine";"Chine / HK";"API REST";"Gratuit + coût produit";"OUI";"OUI";"https://cjdropshipping.com/";"https://cjdropshipping.com/list/wholesale-all-products-l-en.html";"https://developers.cjdropshipping.com/";"Le plus polyvalent. Clé API gratuite immédiate. Sourcing + private label."
"🎯 Ball-trap";"Doba";"Hors-UE";"USA (agrégateur)";"API";"Free + payant";"non";"OUI";"https://www.doba.com/";"https://www.doba.com/dropshipping/Hunting-gear_2.html";"https://www.doba.com/";"Sections chasse/tactique/tir dédiées (camo, jumelles, appeaux, accessoires)."
"🎯 Ball-trap";"Tactical Dropship";"Hors-UE";"USA";"Feed temps réel + sync";"Free + payant";"non";"OUI";"https://tacticaldropship.com/";"https://tacticaldropship.com/";"https://tacticaldropship.com/";"Spécialiste tactique/chasse/survie. Feed temps réel + sync stock. Accessoires (hors armes)."
"🎯 Ball-trap";"Banggood";"Chine";"Chine";"API dropship/affilié";"Gratuit";"non";"OUI";"https://www.banggood.com/";"https://www.banggood.com/Sports-and-Outdoor-c-2853.html";"https://www.banggood.com/dropship.html";"Outdoor, optiques, lampes tactiques. Prix bas."
"🎯 Ball-trap";"AliExpress";"Chine";"Chine";"API (programme dropship/affilié)";"Gratuit";"non";"OUI";"https://www.aliexpress.com/";"https://www.aliexpress.com/";"https://openservice.aliexpress.com/";"Sans MOQ, qualité variable. Plateaux ball-trap + petits lanceurs ici."
"🎯 Ball-trap";"Alibaba";"Chine";"Chine";"Open Platform API (sur approbation)";"Gratuit + MOQ";"non";"OUI";"https://www.alibaba.com/";"https://www.alibaba.com/";"https://openapi.alibaba.com/";"OEM/ODM, private label cosméto (ISO 22716), plateaux & lanceurs ball-trap, lin."
"🎯 Ball-trap";"DSers";"Chine";"Chine (AliExpress)";"API (AliExpress officielle)";"Gratuit";"OUI";"OUI";"https://www.dsers.com/";"https://www.aliexpress.com/";"https://www.dsers.com/";"Automation AliExpress officielle, gratuit. Tout AliExpress = catalogue."
"🧵 Lin";"CJdropshipping";"Chine";"Chine / HK";"API REST";"Gratuit + coût produit";"OUI";"OUI";"https://cjdropshipping.com/";"https://cjdropshipping.com/list/wholesale-all-products-l-en.html";"https://developers.cjdropshipping.com/";"Le plus polyvalent. Clé API gratuite immédiate. Sourcing + private label."
"🧵 Lin";"Eprolo";"Chine";"Chine (entrepôts US/EU)";"API";"Gratuit à vie";"OUI";"OUI";"https://eprolo.com/";"https://eprolo.com/products/";"https://eprolo.com/";"Gratuit total. Beauté, mode/lin, outdoor."
"🧵 Lin";"Printful";"Hors-UE";"USA / Lettonie (POD)";"API REST";"Gratuit + coût produit";"OUI";"OUI";"https://www.printful.com/";"https://www.printful.com/custom-products";"https://developers.printful.com/";"Print-on-demand. Offre lin/lin mélangé à vérifier dans le catalogue."
"🧵 Lin";"Printify";"Hors-UE";"USA (POD mondial)";"API REST";"Gratuit + coût produit";"OUI";"OUI";"https://printify.com/";"https://printify.com/app/products";"https://developers.printify.com/";"1300+ produits POD. Déjà utilisé sur Chez Lolo."
"🧵 Lin";"Gelato";"UE";"Norvège (POD mondial)";"API REST";"Gratuit + coût produit";"OUI";"OUI";"https://www.gelato.com/";"https://www.gelato.com/products";"https://dashboard.gelato.com/docs/";"POD production locale (UE) = livraison rapide, pas de frais d'import."
"🧵 Lin";"Modalyst";"Hors-UE";"USA (agrégateur)";"API";"Plan gratuit + payant";"OUI";"OUI";"https://www.modalyst.co/";"https://www.modalyst.co/find-products/";"https://www.modalyst.co/";"Partenaire officiel AliExpress. Plan gratuit limité."
"🧵 Lin";"Spocket";"UE";"UE/US (agrégateur)";"API + plugin";"39,99–299 $/mois (essai 14j)";"non";"OUI";"https://www.spocket.co/";"https://app.spocket.co/search";"https://www.spocket.co/";"Fournisseurs UE/US premium, expédition rapide."
"🧵 Lin";"Syncee";"UE";"UE (agrégateur)";"API + sync";"0–99,99 $/mois";"non";"OUI";"https://syncee.com/";"https://marketplace.syncee.com/";"https://syncee.com/";"Marketplace UE/UK/US, plan gratuit pour parcourir."
"🧵 Lin";"AppScenic";"UE";"UE/UK (agrégateur)";"API + escrow";"dès 29 $/mois (essai 7j)";"non";"OUI";"https://appscenic.com/";"https://appscenic.com/products/";"https://appscenic.com/";"Paiement sécurisé escrow. Catégorie outdoor incluse."
"🧵 Lin";"AutoDS";"Hors-UE";"International (agrégateur)";"API";"Payant (selon nb produits)";"non";"OUI";"https://www.autods.com/";"https://platform.autods.com/";"https://www.autods.com/";"Automation complète multi-fournisseurs + IA."
"🧵 Lin";"Trendsi";"Hors-UE";"USA (mode)";"API + plugin";"Gratuit";"non";"OUI";"https://www.trendsi.com/";"https://www.trendsi.com/products";"https://www.trendsi.com/";"Mode/footwear, sans frais. Chercher lin/lin mélangé."
"🧵 Lin";"AliExpress";"Chine";"Chine";"API (programme dropship/affilié)";"Gratuit";"non";"OUI";"https://www.aliexpress.com/";"https://www.aliexpress.com/";"https://openservice.aliexpress.com/";"Sans MOQ, qualité variable. Plateaux ball-trap + petits lanceurs ici."
"🧵 Lin";"Alibaba";"Chine";"Chine";"Open Platform API (sur approbation)";"Gratuit + MOQ";"non";"OUI";"https://www.alibaba.com/";"https://www.alibaba.com/";"https://openapi.alibaba.com/";"OEM/ODM, private label cosméto (ISO 22716), plateaux & lanceurs ball-trap, lin."
"🧵 Lin";"T-Pop";"UE";"France (POD)";"API REST";"Gratuit + coût produit";"OUI";"OUI";"https://www.tpop.com/";"https://www.tpop.com/en/all-products";"https://app.tpop.com/";"POD éco basé en FRANCE (UE) — livraison rapide UE, zéro minimum, emballage écologique."
"🧵 Lin";"Gooten";"Hors-UE";"USA (POD mondial)";"API REST";"Gratuit + coût produit";"OUI";"OUI";"https://www.gooten.com/";"https://www.gooten.com/products";"https://docs.gooten.com/";"POD gratuit, large catalogue apparel/maison."
"🧵 Lin";"Teemill";"Hors-UE";"UK (POD bio)";"Print API";"Gratuit + coût produit";"OUI";"OUI";"https://teemill.com/";"https://teemill.com/";"https://teemill.com/print-on-demand-api/";"POD coton BIO (UK), API, pay-per-order — gamme éco premium."
"🧵 Lin";"Yoycol";"Chine";"Chine (POD)";"API";"Gratuit + coût produit";"OUI";"OUI";"https://www.yoycol.com/";"https://www.yoycol.com/catalog";"https://www.yoycol.com/";"POD all-over print, zéro stock, sans minimum."
"🧵 Lin";"JetPrint";"Chine";"Chine (POD)";"API REST";"Gratuit + coût produit";"OUI";"OUI";"https://jetprintapp.com/";"https://jetprintapp.com/product/category/clothing/";"https://jetprintapp.com/";"POD sans minimum, apparel + montres/accessoires."
"🧵 Lin";"DSers";"Chine";"Chine (AliExpress)";"API (AliExpress officielle)";"Gratuit";"OUI";"OUI";"https://www.dsers.com/";"https://www.aliexpress.com/";"https://www.dsers.com/";"Automation AliExpress officielle, gratuit. Tout AliExpress = catalogue."
"🧵 Lin";"Sup Dropshipping";"Chine";"Chine";"API";"Gratuit";"OUI";"OUI";"https://www.supdropshipping.com/";"https://www.supdropshipping.com/product-list/";"https://www.supdropshipping.com/";"Sourcing + branding gratuit, entrepôts. Multi-niches."
"🎯 Tir précision";"CJdropshipping";"Chine";"Chine / HK";"API REST";"Gratuit + coût produit";"OUI";"OUI";"https://cjdropshipping.com/";"https://cjdropshipping.com/list/wholesale-all-products-l-en.html";"https://developers.cjdropshipping.com/";"Le plus polyvalent. Clé API gratuite immédiate. Sourcing + private label."
"🎯 Tir précision";"Modalyst";"Hors-UE";"USA (agrégateur)";"API";"Plan gratuit + payant";"OUI";"OUI";"https://www.modalyst.co/";"https://www.modalyst.co/find-products/";"https://www.modalyst.co/";"Partenaire officiel AliExpress. Plan gratuit limité."
"🎯 Tir précision";"Syncee";"UE";"UE (agrégateur)";"API + sync";"0–99,99 $/mois";"non";"OUI";"https://syncee.com/";"https://marketplace.syncee.com/";"https://syncee.com/";"Marketplace UE/UK/US, plan gratuit pour parcourir."
"🎯 Tir précision";"AppScenic";"UE";"UE/UK (agrégateur)";"API + escrow";"dès 29 $/mois (essai 7j)";"non";"OUI";"https://appscenic.com/";"https://appscenic.com/products/";"https://appscenic.com/";"Paiement sécurisé escrow. Catégorie outdoor incluse."
"🎯 Tir précision";"AutoDS";"Hors-UE";"International (agrégateur)";"API";"Payant (selon nb produits)";"non";"OUI";"https://www.autods.com/";"https://platform.autods.com/";"https://www.autods.com/";"Automation complète multi-fournisseurs + IA."
"🎯 Tir précision";"Doba";"Hors-UE";"USA (agrégateur)";"API";"Free + payant";"non";"OUI";"https://www.doba.com/";"https://www.doba.com/dropshipping/Hunting-gear_2.html";"https://www.doba.com/";"Sections chasse/tactique/tir dédiées (camo, jumelles, appeaux, accessoires)."
"🎯 Tir précision";"Tactical Dropship";"Hors-UE";"USA";"Feed temps réel + sync";"Free + payant";"non";"OUI";"https://tacticaldropship.com/";"https://tacticaldropship.com/";"https://tacticaldropship.com/";"Spécialiste tactique/chasse/survie. Feed temps réel + sync stock. Accessoires (hors armes)."
"🎯 Tir précision";"Banggood";"Chine";"Chine";"API dropship/affilié";"Gratuit";"non";"OUI";"https://www.banggood.com/";"https://www.banggood.com/Sports-and-Outdoor-c-2853.html";"https://www.banggood.com/dropship.html";"Outdoor, optiques, lampes tactiques. Prix bas."
"🎯 Tir précision";"Vector Optics";"Chine";"Chine";"Programme dealer/dropship";"Compte revendeur (MOQ bas)";"non";"OUI";"https://www.vectoroptics.com/dealer_cooperate";"https://www.vectoroptics.com/";"https://www.vectoroptics.com/";"Optiques bon rapport qualité/prix. Compte revendeur (sans SIRET possible)."
"🎯 Tir précision";"ohhunt";"Chine";"Chine";"Wholesale/dealer";"Gratuit (MOQ 1–30)";"non";"OUI";"https://www.ohhunt.com/pages/wholesale";"https://www.ohhunt.com/";"https://www.ohhunt.com/";"Lunettes, points rouges, rails. MOQ très bas."
"🎯 Tir précision";"AliExpress";"Chine";"Chine";"API (programme dropship/affilié)";"Gratuit";"non";"OUI";"https://www.aliexpress.com/";"https://www.aliexpress.com/";"https://openservice.aliexpress.com/";"Sans MOQ, qualité variable. Plateaux ball-trap + petits lanceurs ici."
"🎯 Tir précision";"Alibaba";"Chine";"Chine";"Open Platform API (sur approbation)";"Gratuit + MOQ";"non";"OUI";"https://www.alibaba.com/";"https://www.alibaba.com/";"https://openapi.alibaba.com/";"OEM/ODM, private label cosméto (ISO 22716), plateaux & lanceurs ball-trap, lin."
"🎯 Tir précision";"DSers";"Chine";"Chine (AliExpress)";"API (AliExpress officielle)";"Gratuit";"OUI";"OUI";"https://www.dsers.com/";"https://www.aliexpress.com/";"https://www.dsers.com/";"Automation AliExpress officielle, gratuit. Tout AliExpress = catalogue."
"🎯 Tir précision";"Sup Dropshipping";"Chine";"Chine";"API";"Gratuit";"OUI";"OUI";"https://www.supdropshipping.com/";"https://www.supdropshipping.com/product-list/";"https://www.supdropshipping.com/";"Sourcing + branding gratuit, entrepôts. Multi-niches."
"🎯 Tir précision";"Wholesale2b";"Hors-UE";"USA";"API";"Inscription gratuite + payant";"non";"OUI";"https://www.wholesale2b.com/";"https://www.wholesale2b.com/dropship/dropship-optics-products.html";"https://www.wholesale2b.com/";"1M+ produits dropship US, dont optiques/outdoor. Compte gratuit pour parcourir."